{
    "Records": [
        {
            "eventVersion": "2.0",
            "eventSource": "aws:s3",
            "awsRegion": "us-east-1",
            "eventTime": "1970-01-01T00:00:00.000Z",
            "eventName": "ObjectCreated:Put",
            "userIdentity": {
                "principalId": "EXAMPLE"
            },
            "requestParameters": {
                "sourceIPAddress": "127.0.0.1"
            },
            "responseElements": {
                "x-amz-request-id": "EXAMPLE123456789",
                "x-amz-id-2": "EXAMPLE123/5678abcdefghijklambdaisawesome/mnopqrstuvwxyzABCDEFGH"
            },
            "s3": {
                "s3SchemaVersion": "1.0",
                "configurationId": "testConfigRule",
                "bucket": {
                    "name": "photo-sharee7fa5f1b25be4c63a81417becda53512master-master",
                    "ownerIdentity": {
                        "principalId": "EXAMPLE"
                    },
                    "arn": "arn:aws:s3:::example-bucket"
                },
                "object": {
                    "key": "private/us-east-1:4f182a97-9165-46d8-a6de-f29b16927761/uploads/e2d9705b-e39a-4b28-aeea-93d0bb922291.jpg",
                    "size": 1024,
                    "eTag": "0123456789abcdef0123456789abcdef",
                    "sequencer": "0A1B2C3D4E5F678901"
                }
            }
        }
    ]
}