{
	"Base filename": "-",
	"Format": "JPEG (Joint Photographic Experts Group JFIF format)",
	"format": "JPEG",
	"Class": "DirectClass",
	"Geometry": "4032x3024+0+0",
	"size": {
		"width": 4032,
		"height": 3024
	},
	"Resolution": "72x72",
	"Print size": "56x42",
	"Units": "PixelsPerInch",
	"Type": "TrueColor",
	"Endianess": "Undefined",
	"Colorspace": "sRGB",
	"Depth": "8-bit",
	"depth": 8,
	"Channel depth": {
		"red": "8-bit",
		"green": "8-bit",
		"blue": "8-bit"
	},
	"Channel statistics": {
		"Red": {
			"min": "0 (0)",
			"max": "239 (0.937255)",
			"mean": "92.2995 (0.361959)",
			"standard deviation": "56.6032 (0.221973)",
			"kurtosis": "-0.342865",
			"skewness": "0.833885"
		},
		"Green": {
			"min": "0 (0)",
			"max": "248 (0.972549)",
			"mean": "121.324 (0.475779)",
			"standard deviation": "51.1459 (0.200572)",
			"kurtosis": "-0.401377",
			"skewness": "0.437793"
		},
		"Blue": {
			"min": "0 (0)",
			"max": "255 (1)",
			"mean": "160.431 (0.629141)",
			"standard deviation": "44.2143 (0.173389)",
			"kurtosis": "0.123975",
			"skewness": "-0.413949"
		}
	},
	"Image statistics": {
		"Overall": {
			"min": "0 (0)",
			"max": "255 (1)",
			"mean": "124.685 (0.48896)",
			"standard deviation": "50.9075 (0.199637)",
			"kurtosis": "0.452466",
			"skewness": "0.145731"
		}
	},
	"Rendering intent": "Perceptual",
	"Gamma": "0.454545",
	"Chromaticity": {
		"red primary": "(0.64,0.33)",
		"green primary": "(0.3,0.6)",
		"blue primary": "(0.15,0.06)",
		"white point": "(0.3127,0.329)"
	},
	"Interlace": "None",
	"Background color": "white",
	"Border color": "srgb(223,223,223)",
	"Matte color": "grey74",
	"Transparent color": "black",
	"Compose": "Over",
	"Page geometry": "4032x3024+0+0",
	"Dispose": "Undefined",
	"Iterations": "0",
	"Compression": "JPEG",
	"Quality": "94",
	"Orientation": "Undefined",
	"Properties": {
		"date:create": "2017-06-06T00:50:16+00:00",
		"date:modify": "2017-06-06T00:50:16+00:00",
		"exif:ApertureValue": "200/100",
		"exif:BrightnessValue": "0/100",
		"exif:ColorSpace": "1",
		"exif:ComponentsConfiguration": "1, 2, 3, 0",
		"exif:Compression": "6",
		"exif:DateTime": "2016:04:09 14:08:13",
		"exif:DateTimeDigitized": "2016:04:09 14:08:13",
		"exif:DateTimeOriginal": "2016:04:09 14:08:13",
		"exif:ExifImageLength": "3024",
		"exif:ExifImageWidth": "4032",
		"exif:ExifOffset": "228",
		"exif:ExifVersion": "48, 50, 50, 48",
		"exif:ExposureBiasValue": "0/1",
		"exif:ExposureMode": "0",
		"exif:ExposureProgram": "0",
		"exif:ExposureTime": "1/6568",
		"exif:Flash": "16",
		"exif:FlashPixVersion": "48, 49, 48, 48",
		"exif:FNumber": "200/100",
		"exif:FocalLength": "4670/1000",
		"exif:FocalLengthIn35mmFilm": "0",
		"exif:GPSAltitude": "272000/100",
		"exif:GPSAltitudeRef": "0",
		"exif:GPSDateStamp": "2016:04:09",
		"exif:GPSInfo": "744",
		"exif:GPSLatitude": "46/1, 49/1, 3243/100",
		"exif:GPSLatitudeRef": "N",
		"exif:GPSLongitude": "121/1, 43/1, 4188/100",
		"exif:GPSLongitudeRef": "W",
		"exif:GPSTimeStamp": "21/1, 8/1, 8/1",
		"exif:GPSVersionID": "2, 2, 0, 0",
		"exif:ImageUniqueID": "15f1a7fd7b5a23fd0000000000000000",
		"exif:InteroperabilityIndex": "R98",
		"exif:InteroperabilityOffset": "950",
		"exif:InteroperabilityVersion": "48, 49, 48, 48",
		"exif:ISOSpeedRatings": "63",
		"exif:JPEGInterchangeFormat": "1074",
		"exif:JPEGInterchangeFormatLength": "5366",
		"exif:Make": "LGE",
		"exif:MeteringMode": "0",
		"exif:Model": "Nexus 5X",
		"exif:ResolutionUnit": "2",
		"exif:SceneCaptureType": "0",
		"exif:SceneType": "0",
		"exif:SensingMethod": "0",
		"exif:ShutterSpeedValue": "12681/1000",
		"exif:Software": "bullhead-user 6.0.1 MHC19J 2595691 release-keys",
		"exif:SubSecTime": "525867",
		"exif:SubSecTimeDigitized": "525867",
		"exif:SubSecTimeOriginal": "525867",
		"exif:WhiteBalance": "0",
		"exif:XResolution": "72/1",
		"exif:YCbCrPositioning": "1",
		"exif:YResolution": "72/1",
		"jpeg:colorspace": "2",
		"jpeg:sampling-factor": "2x2,1x1,1x1",
		"signature": "6872beb50662324bac90a33163c5790d3f0c83d3f3fc7d28630406da55f17d2d"
	},
	"Profiles": {
		"Profile-exif": "6446 bytes",
		"Profile-icc": {
			"Description": "sRGB IEC61966-2-1 black scaled",
			"Manufacturer": "sRGB IEC61966-2-1 black scaled",
			"Model": "IEC 61966-2-1 Default RGB Colour Space - sRGB",
			"Copyright": "Copyright International Color Consortium, 2009"
		},
		"Profile-xmp": "259 bytes"
	},
	"Artifacts": {
		"filename": "-",
		"verbose": "true"
	},
	"Tainted": "False",
	"Filesize": "1.354MB",
	"Number pixels": "12.19M",
	"Pixels per second": "55.42MB",
	"User time": "0.130u",
	"Elapsed time": "0:01.219",
	"Version": "ImageMagick 6.7.8-9 2016-06-22 Q16 http://www.imagemagick.org",
	"path": "unknown.jpg"
}
