{
	"AWSTemplateFormatVersion": "2010-09-09",
	"Description": "Lambda resource stack creation using Amplify CLI",
	"Parameters": {
		"env": {
			"Type": "String"
		},
		"SfnStateMachineName": {
			"Type": "String"
		},
		"apiphotoshareGraphQLAPIIdOutput": {
			"Type": "String",
			"Default": "apiphotoshareGraphQLAPIIdOutput"
		},
		"apiphotoshareGraphQLAPIEndpointOutput": {
			"Type": "String",
			"Default": "apiphotoshareGraphQLAPIEndpointOutput"
		}
	},
	"Conditions": {
		"ShouldNotCreateEnvResources": {
			"Fn::Equals": [
				{
					"Ref": "env"
				},
				"NONE"
			]
		}
	},
	"Resources": {
		"LambdaFunction": {
			"Type": "AWS::Lambda::Function",
			"Metadata": {
				"aws:asset:path": "./src",
				"aws:asset:property": "Code"
			},
			"Properties": {
				"Handler": "index.handler",
				"FunctionName": {
					"Fn::If": [
						"ShouldNotCreateEnvResources",
						"S3Trigger984fb593",
						{
							"Fn::Join": [
								"",
								[
									"S3Trigger984fb593",
									"-",
									{
										"Ref": "env"
									}
								]
							]
						}
					]
				},
				"Environment": {
					"Variables": {
						"ENV": {
							"Ref": "env"
						},
						"STATE_MACHINE_ARN": {
							"Fn::Sub": "arn:aws:states:${AWS::Region}:${AWS::AccountId}:stateMachine:${SfnStateMachineName}-main"
						},
						"REGION": {
							"Ref": "AWS::Region"
						},
						"API_PHOTOSHARE_GRAPHQLAPIIDOUTPUT": {
							"Ref": "apiphotoshareGraphQLAPIIdOutput"
						},
						"API_PHOTOSHARE_GRAPHQLAPIENDPOINTOUTPUT": {
							"Ref": "apiphotoshareGraphQLAPIEndpointOutput"
						}
					}
				},
				"Role": {
					"Fn::GetAtt": [
						"LambdaExecutionRole",
						"Arn"
					]
				},
				"Runtime": "nodejs12.x",
				"Timeout": "25",
				"ReservedConcurrentExecutions": "10",
				"Code": {
					"S3Bucket": "amplify-photoshare-master-183417-deployment",
					"S3Key": "amplify-builds/S3Trigger984fb593-4a786c424331774d6135-build.zip"
				}
			}
		},
		"LambdaExecutionRole": {
			"Type": "AWS::IAM::Role",
			"Properties": {
				"RoleName": {
					"Fn::If": [
						"ShouldNotCreateEnvResources",
						"S3Trigger984fb593LambdaRole984fb593",
						{
							"Fn::Join": [
								"",
								[
									"S3Trigger984fb593LambdaRole984fb593",
									"-",
									{
										"Ref": "env"
									}
								]
							]
						}
					]
				},
				"AssumeRolePolicyDocument": {
					"Version": "2012-10-17",
					"Statement": [
						{
							"Effect": "Allow",
							"Principal": {
								"Service": [
									"lambda.amazonaws.com"
								]
							},
							"Action": [
								"sts:AssumeRole"
							]
						}
					]
				}
			}
		},
		"lambdaexecutionpolicy": {
			"DependsOn": [
				"LambdaExecutionRole"
			],
			"Type": "AWS::IAM::Policy",
			"Properties": {
				"PolicyName": "lambda-execution-policy",
				"Roles": [
					{
						"Ref": "LambdaExecutionRole"
					}
				],
				"PolicyDocument": {
					"Version": "2012-10-17",
					"Statement": [
						{
							"Effect": "Allow",
							"Action": [
								"logs:CreateLogGroup",
								"logs:CreateLogStream",
								"logs:PutLogEvents"
							],
							"Resource": {
								"Fn::Sub": [
									"arn:aws:logs:${region}:${account}:log-group:/aws/lambda/${lambda}:log-stream:*",
									{
										"region": {
											"Ref": "AWS::Region"
										},
										"account": {
											"Ref": "AWS::AccountId"
										},
										"lambda": {
											"Ref": "LambdaFunction"
										}
									}
								]
							}
						}
					]
				}
			}
		},
		"AmplifyResourcesPolicy": {
			"DependsOn": [
				"LambdaExecutionRole"
			],
			"Type": "AWS::IAM::Policy",
			"Properties": {
				"PolicyName": "amplify-lambda-appsync-invoke",
				"Roles": [
					{
						"Ref": "LambdaExecutionRole"
					}
				],
				"PolicyDocument": {
					"Version": "2012-10-17",
					"Statement": [
						{
							"Effect": "Allow",
							"Action": [
								"appsync:GraphQL"
							],
							"Resource": [
								{
									"Fn::Join": [
										"",
										[
											"arn:aws:appsync:",
											{
												"Ref": "AWS::Region"
											},
											":",
											{
												"Ref": "AWS::AccountId"
											},
											":apis/",
											{
												"Ref": "apiphotoshareGraphQLAPIIdOutput"
											},
											"/*"
										]
									]
								}
							]
						}
					]
				}
			}
		}
	},
	"Outputs": {
		"Name": {
			"Value": {
				"Ref": "LambdaFunction"
			}
		},
		"Arn": {
			"Value": {
				"Fn::GetAtt": [
					"LambdaFunction",
					"Arn"
				]
			}
		},
		"Region": {
			"Value": {
				"Ref": "AWS::Region"
			}
		},
		"LambdaExecutionRole": {
			"Value": {
				"Ref": "LambdaExecutionRole"
			}
		}
	}
}
